{"products":[{"id":"0.5756138824115453","qty":1}],"totalPrice":21.989999999999995}